gene,log2FC,t_stat,p_value,p_adjusted
G6PD,0.731085429450446,7.421821973376024,8.578489003997926e-13,8.578489003997926e-10
CBX2,0.6866962775658527,6.9085440406157765,2.265845898664778e-11,2.265845898664778e-08
CEP55,0.6837499127402029,6.87495688387323,2.7906914363556438e-11,2.790691436355644e-08
KIF2C,0.6818245002751547,6.853039239078798,3.195828324365138e-11,3.195828324365138e-08
PLK1,0.6788112290307682,6.818787219808981,3.947400649962659e-11,3.947400649962659e-08
TRIP13,0.6686480283340912,6.703697965291717,7.980979596611923e-11,7.980979596611922e-08
EGLN3,0.6666134519108491,6.6807380531929565,9.174735650898072e-11,9.174735650898071e-08
MYBL2,0.6663924620241084,6.67824580667452,9.314414222035518e-11,9.314414222035517e-08
DLGAP5,0.6631239634088087,6.641420958748194,1.1638670035227503e-10,1.1638670035227503e-07
NEIL3,0.6563479211696523,6.565292130137934,1.8393169321401617e-10,1.8393169321401617e-07
SLC16A3,0.656102586240759,6.5625411698238,1.8698502206139955e-10,1.8698502206139954e-07
DNASE1L3,-0.6557213734154463,-6.558267327056345,1.9182751812104126e-10,1.9182751812104126e-07
CDC20,0.6499572200409607,6.493753792763536,2.8175570537717623e-10,2.8175570537717624e-07
E2F2,0.6388855034514371,6.370403938214075,5.829963692842345e-10,5.829963692842345e-07
NR0B1,0.6359417300136683,6.337730854440522,7.055888371019112e-10,7.055888371019112e-07
ANLN,0.6345268590719793,6.322045378809679,7.730880766486562e-10,7.730880766486562e-07
CENPA,0.6311841133447129,6.285033858242974,9.584239848555573e-10,9.584239848555573e-07
SPP1,0.626142591596045,6.229336279100866,1.3219782048492461e-09,1.3219782048492462e-06
CLEC3B,-0.6244153526124914,-6.210287946309637,1.4749372141808199e-09,1.4749372141808199e-06
IQGAP3,0.6241019707849211,6.206833740070772,1.5044724403785294e-09,1.5044724403785294e-06
KIF4A,0.6206667970481636,6.169006863117821,1.8682783963939483e-09,1.8682783963939482e-06
RNFT2,0.6205833648807053,6.168088978045028,1.8780990927301835e-09,1.8780990927301834e-06
PPFIA4,0.620060252395942,6.162334795759929,1.940825500739826e-09,1.940825500739826e-06
TTK,0.6179001844044685,6.138590732316592,2.22205457533481e-09,2.22205457533481e-06
SLC1A5,0.6150297141550128,6.107078471978221,2.6575580406069575e-09,2.6575580406069576e-06
TREM1,0.6109136658574721,6.061972662744893,3.4293272924761676e-09,3.4293272924761674e-06
ATP6V0D2,0.6106961906286967,6.059592077712473,3.4756447873285282e-09,3.4756447873285283e-06
CDC6,0.6104203399336579,6.0565728804301235,3.5352677416986156e-09,3.5352677416986154e-06
HJURP,0.6102780079041983,6.055015205183064,3.5664184550573997e-09,3.5664184550573996e-06
SOCS2,-0.6069914823407748,-6.019078830343331,4.364377031355853e-09,4.364377031355853e-06
MCM10,0.6052282007950103,5.999822795724977,4.8612178188014865e-09,4.8612178188014865e-06
KIF20A,0.6002124070148469,5.94514025685065,6.592984133269357e-09,6.592984133269357e-06
SPC25,0.5991775300024167,5.933874931789426,7.01825865240374e-09,7.01825865240374e-06
KIF18A,0.5977119256390911,5.917930714917555,7.666270975466363e-09,7.666270975466364e-06
BUB1,0.5972529996156493,5.912940461514335,7.880834097887311e-09,7.88083409788731e-06
CDK1,0.5961308135611902,5.900742837638322,8.430271155474744e-09,8.430271155474744e-06
CENPM,0.5953742975230838,5.892523665312444,8.82140844553655e-09,8.82140844553655e-06
SOX11,0.5946402755379483,5.884551802421539,9.217675650652851e-09,9.217675650652851e-06
KLKB1,-0.5945506310201842,-5.883578416062418,9.267235563474565e-09,9.267235563474564e-06
EXO1,0.5927050498319397,5.863547996255961,1.034679733115041e-08,1.0346797331150411e-05
CENPI,0.59232302045076,5.859404019710709,1.0584998243701382e-08,1.0584998243701383e-05
CDC45,0.5922126851501924,5.858207330082965,1.065477572144629e-08,1.065477572144629e-05
GTSE1,0.5916319568463468,5.851909835538115,1.1029437000106656e-08,1.1029437000106656e-05
NCAPG,0.5878691669979857,5.811148760701683,1.3784731738712006e-08,1.3784731738712006e-05
NDC80,0.587639538342634,5.80866367760908,1.397287300489622e-08,1.397287300489622e-05
SORD,-0.5875009679521779,-5.8071641783543395,1.4087606782493466e-08,1.4087606782493465e-05
SCIN,0.5872680609155436,5.804644055224007,1.428250678971257e-08,1.428250678971257e-05
BDH1,-0.5867425424872614,-5.798958860683261,1.4731895411414201e-08,1.47318954114142e-05
GINS1,0.584947022050798,5.779545324359876,1.637284907553588e-08,1.637284907553588e-05
WDR62,0.583940688590014,5.7686719720923705,1.7368448868493964e-08,1.7368448868493963e-05
CDCA2,0.5837297003021644,5.7663929228972926,1.7584488390316978e-08,1.7584488390316978e-05
MKI67,0.5837006792515,5.766079465083277,1.761440645988972e-08,1.761440645988972e-05
PKM2,0.5833827183617513,5.7626454113342165,1.7945438713261123e-08,1.7945438713261122e-05
BIRC5,0.5828973283784434,5.757404088795973,1.8462412676716647e-08,1.8462412676716645e-05
TRNP1,0.582513981186318,5.753265497826403,1.88808531402803e-08,1.88808531402803e-05
SMOX,0.5820549694576242,5.748311063701432,1.939395233802099e-08,1.939395233802099e-05
KIF18B,0.5807977565361485,5.734746604784697,2.0869295235658553e-08,2.0869295235658552e-05
MELK,0.579955487274179,5.725663659712635,2.191777876009068e-08,2.191777876009068e-05
NUF2,0.5770861636305129,5.694748457532708,2.5885653202810018e-08,2.5885653202810018e-05
KIF23,0.5763644526822898,5.686979085723033,2.6988060052280322e-08,2.698806005228032e-05
ORC1L,0.5760970342732908,5.6841009485343506,2.7407946761702093e-08,2.7407946761702094e-05
IMPDH1,0.5755397841839502,5.6781046050772925,2.830329035622312e-08,2.8303290356223118e-05
GAGE4,0.574221261784216,5.663922769321664,3.0535757933709956e-08,3.053575793370995e-05
CENPE,0.5729941097069055,5.6507316474387235,3.2765692831625264e-08,3.2765692831625264e-05
SKA1,0.5722261360372635,5.642480259304451,3.424039501574421e-08,3.424039501574421e-05
FOXM1,0.5720514044606395,5.640603297568222,3.4584766986796236e-08,3.458476698679624e-05
KIAA1524,0.5705499304460282,5.624480817918004,3.7685107056163764e-08,3.768510705616376e-05
CDCA3,0.5702208419213143,5.6209486556328505,3.8399635277993466e-08,3.839963527799347e-05
SHCBP1,0.5683017732904634,5.6003617512402135,4.283430195372597e-08,4.283430195372597e-05
C1orf88,0.5676165146758698,5.593015057655321,4.45345447395484e-08,4.4534544739548395e-05
GNA14,-0.5675412953477705,-5.5922087774633376,4.472509516734992e-08,4.472509516734992e-05
EPR1,0.5670844470658419,5.5873123474171615,4.58994438412306e-08,4.5899443841230596e-05
NEK2,0.5670029734082693,5.586439239315646,4.6111978323737914e-08,4.611197832373791e-05
RAD54L,0.5646852479478053,5.561615147171854,5.2572021090938323e-08,5.2572021090938326e-05
CCL14,-0.5644344260547296,-5.558930304446801,5.332135618707212e-08,5.332135618707212e-05
C15orf43,-0.5643042126552751,-5.557536595160573,5.371442623987164e-08,5.371442623987164e-05
ERCC6L,0.5634704166401177,5.5486142675007875,5.6298448300259034e-08,5.629844830025903e-05
PBK,0.5632359065596173,5.546105421650267,5.7046572406142985e-08,5.704657240614299e-05
LCAT,-0.5608515200213979,-5.520612039855433,6.52184854754421e-08,6.52184854754421e-05
C15orf42,0.5597851056237477,5.509219172985177,6.922861735115575e-08,6.922861735115575e-05
FAM164A,0.5597655810504572,5.50901064028068,6.930420845144422e-08,6.930420845144422e-05
RAMP3,-0.55895682041674,-5.500374150403687,7.25063584952848e-08,7.25063584952848e-05
CTSL2,0.5586157581653758,5.496732996069997,7.389910439065079e-08,7.389910439065079e-05
POF1B,0.5577755304802973,5.487765244634923,7.744116077862119e-08,7.744116077862119e-05
SEC14L2,-0.55748484537451,-5.484663573687468,7.870425753420368e-08,7.870425753420368e-05
RRM2,0.5573480901835486,5.483204513489405,7.93053394124046e-08,7.93053394124046e-05
SGOL1,0.5565971247365241,5.47519391224304,8.26858099963142e-08,8.26858099963142e-05
C3orf52,0.5529045087807531,5.435844148742051,1.0143293834803563e-07,0.00010143293834803563
BTNL9,-0.5528940666618252,-5.435732977634133,1.0149134849074803e-07,0.00010149134849074803
BUB1B,0.5525081024983575,5.431623815631987,1.0367342016786526e-07,0.00010367342016786526
CENPF,0.5520301976177495,5.426536803152197,1.0643798470641814e-07,0.00010643798470641814
KIFC1,0.5513045704415471,5.418815018542529,1.1077184076378358e-07,0.00011077184076378359
CLEC2L,0.5508276647279078,5.413741368068812,1.1371227692465072e-07,0.00011371227692465072
UBE2C,0.550347083832341,5.408629738669222,1.1675137423080354e-07,0.00011675137423080354
GAGE12D,0.5495064266675392,5.399690822522315,1.222567017751767e-07,0.00012225670177517668
FAM72D,0.5474421553566413,5.377755208169165,1.3685697835069784e-07,0.00013685697835069782
ANXA10,-0.5461755830566597,-5.364306155392212,1.4663177542998314e-07,0.00014663177542998315
KIF15,0.5458166424299742,5.360496144731553,1.4952198851794303e-07,0.00014952198851794305
DEPDC1B,0.5456490181369155,5.358717083640649,1.5089043204486225e-07,0.00015089043204486225
HMMR,0.5456371524509628,5.358591163338107,1.5098774878341997e-07,0.00015098774878341998
ESR1,-0.5440644522838132,-5.341906006435872,1.6443652061394132e-07,0.00016443652061394132
TOP2A,0.5437751759758436,5.338838280640826,1.670327102391657e-07,0.0001670327102391657
NCAPH,0.543728479662777,5.338343113225265,1.6745547953371544e-07,0.00016745547953371545
C9orf140,0.5430810281152425,5.3314785347101274,1.7342452262510178e-07,0.0001734245226251018
PON3,-0.542848596782043,-5.329014674348915,1.7561692509525632e-07,0.0001756169250952563
ADH4,-0.5405614276551038,-5.304783198937828,1.9866299000858574e-07,0.00019866299000858575
DEPDC1,0.5393329098925268,5.291777705873836,2.1221632349858597e-07,0.00021221632349858595
ECM2,-0.5385921956061437,-5.283939631394892,2.208134736933198e-07,0.0002208134736933198
ADH1B,-0.538171408708299,-5.279488068347627,2.258456300027913e-07,0.0002258456300027913
FAM54A,0.5380964143375002,5.278694798619893,2.267539671818719e-07,0.0002267539671818719
RANBP3L,-0.53796512017242,-5.277306024762862,2.283527312016251e-07,0.00022835273120162513
TPPP2,-0.5376774327869389,-5.274263301911646,2.3189385462102131e-07,0.00023189385462102133
CDT1,0.5372544091660537,5.2697898874310045,2.3719693937438146e-07,0.00023719693937438146
TMEM55A,0.5355028835476254,5.251276489206,2.6042250117392865e-07,0.00026042250117392865
GPRIN1,0.5345520142804456,5.241231819253505,2.73931811631026e-07,0.000273931811631026
TREML3,0.5342075732493263,5.2375942664174895,2.789897218968152e-07,0.0002789897218968152
PTTG1,0.5341839843738588,5.237345180163268,2.793393628732227e-07,0.0002793393628732227
FHDC1,0.5333756453729303,5.228810763860581,2.915791580967705e-07,0.00029157915809677047
FLJ22536,0.5331887414113161,5.226837865363274,2.944817762033306e-07,0.0002944817762033306
GLYATL1,-0.5331571961974091,-5.226504886127283,2.9497442606105076e-07,0.00029497442606105074
NT5DC2,0.5325402681619338,5.219994011506286,3.047695556342769e-07,0.00030476955563427685
SLC2A2,-0.5325340325990481,-5.219928202259091,3.048701529111624e-07,0.0003048701529111624
CLSPN,0.5324309915855931,5.218840911850624,3.0653687353655506e-07,0.00030653687353655504
CCNA2,0.5323615398137749,5.218108088184488,3.076652082460151e-07,0.0003076652082460151
DIAPH3,0.532263325212744,5.217071795789148,3.0926767252287745e-07,0.00030926767252287745
CKAP2L,0.5320112600879914,5.214412385778872,3.1341715451026224e-07,0.00031341715451026225
EPO,0.530480980595524,5.198273369960439,3.397810415726768e-07,0.0003397810415726768
GAGE2D,0.5302660860583215,5.196007846534074,3.4364978957283135e-07,0.00034364978957283134
SLC27A5,-0.5298718786016967,-5.19185246898698,3.508570419350359e-07,0.0003508570419350359
CA9,0.5293149571904884,5.185983086941453,3.612872690458272e-07,0.0003612872690458272
POLQ,0.5285239566819862,5.177649189074063,3.7661490655975875e-07,0.00037661490655975874
PLBD1,0.5283172754094162,5.175472069208175,3.8072173674592186e-07,0.00038072173674592185
KIF14,0.5281242800429176,5.173439302205306,3.84595421840902e-07,0.000384595421840902
GAGE12J,0.5279715407867434,5.171830638022371,3.8768797348472864e-07,0.00038768797348472865
GHR,-0.5274175786397246,-5.16599719935747,3.9910579387687415e-07,0.00039910579387687415
SKA3,0.5269716529328523,5.161302425799267,4.0853090454804865e-07,0.00040853090454804865
LOC646851,0.5253293516732827,5.144019690294017,4.451211249713711e-07,0.00044512112497137107
CLDN14,-0.5249482038185911,-5.140010410593229,4.5405247631128715e-07,0.00045405247631128716
RGN,-0.524406706674431,-5.134315536168569,4.670377780162822e-07,0.0004670377780162822
G6PC,-0.5240172922635372,-5.130220897791431,4.765958049915533e-07,0.0004765958049915533
CYP2C9,-0.5239384539448974,-5.12939200568617,4.785535972144092e-07,0.0004785535972144092
CCNE2,0.5236371371796504,5.126224297998574,4.861075429666189e-07,0.0004861075429666189
ESCO2,0.5231650867510981,5.121262467664291,4.981725291561478e-07,0.0004981725291561478
CDC25A,0.5224600106112616,5.113853096901156,5.167303330645896e-07,0.0005167303330645897
TROAP,0.5215105512816135,5.103879070378382,5.427717470373391e-07,0.0005427717470373392
FITM1,-0.5208314806324534,-5.096747917659939,5.621650190050443e-07,0.0005621650190050444
C5orf30,0.5198370467922158,5.086308691231198,5.917692931732616e-07,0.0005917692931732616
CENPK,0.5196442871844213,5.084285676185971,5.976783230106988e-07,0.0005976783230106988
LOC645166,0.519244405854108,5.080089423128589,6.101178234015105e-07,0.0006101178234015105
STK39,0.5189357689217653,5.076851147703527,6.198884164094943e-07,0.0006198884164094943
MMP10,0.5182760327743687,5.069930474237774,6.412799166839912e-07,0.0006412799166839912
CHAF1B,0.5179960871083639,5.066994416238981,6.505694304337336e-07,0.0006505694304337336
F11,-0.5168926859851886,-5.05542529024535,6.884573189871828e-07,0.0006884573189871829
CYP19A1,0.5164121268853009,5.050388297257067,7.056122894572869e-07,0.0007056122894572869
RTKN2,0.5152993914804012,5.038729028688271,7.469229601245588e-07,0.0007469229601245588
SLC7A11,0.5147874407970665,5.033366595508964,7.666994458524661e-07,0.0007666994458524661
DMGDH,-0.5147731922594074,-5.033217371751623,7.672569589069746e-07,0.0007672569589069746
SAMD13,0.5119273489115249,5.0034294908560115,8.867633055514615e-07,0.0008867633055514616
RAB42,0.511468666393466,4.998631661622908,9.076230059147548e-07,0.0009076230059147549
PKMYT1,0.5104584285004755,4.988067748152459,9.552378558625446e-07,0.0009552378558625446
ETV4,0.5096063209505223,4.979160768387046,9.97252874056972e-07,0.0009972528740569719
CLDN18,0.5084276860057078,4.966845797502692,1.0582969208118905e-06,0.0010582969208118905
ELOVL3,0.5082354965038317,4.964838270481907,1.0685843960460633e-06,0.0010685843960460634
IGSF3,0.5080937742897849,4.963357996373076,1.0762318261160228e-06,0.0010762318261160228
UHRF1,0.5077381165434969,4.959643581720437,1.095654933057572e-06,0.0010956549330575721
DRD1,-0.5063635725092517,-4.945293167809257,1.1739267598406835e-06,0.0011739267598406835
GALNTL2,-0.5062919180437263,-4.944545314513283,1.1781505581064011e-06,0.0011781505581064011
CYP4A11,-0.5062036850060516,-4.943624440454723,1.1833717344686832e-06,0.0011833717344686833
SLC10A1,-0.5061098938737121,-4.942645600084983,1.1889460778711079e-06,0.001188946077871108
PRR11,0.5057916517360059,4.939324611206523,1.208048273853323e-06,0.001208048273853323
SELENBP1,-0.5057240181487915,-4.938618891897475,1.2121455727848657e-06,0.0012121455727848657
ACOT12,-0.5055855228117525,-4.937173790184692,1.2205775479257907e-06,0.0012205775479257907
AKR1D1,-0.5053897384703292,-4.935131073501309,1.2325932512703181e-06,0.001232593251270318
VIPR1,-0.5052670731755096,-4.933851339480119,1.2401790587446996e-06,0.0012401790587446995
FAM72A,0.5043884189590347,4.924686377872112,1.295839053303929e-06,0.001295839053303929
DNAJC6,0.5030050605593004,4.910263605652378,1.3883479364491593e-06,0.0013883479364491594
FABP6,0.5029859866975297,4.910064795146056,1.3896666440259808e-06,0.0013896666440259807
PKIB,0.5029018257248159,4.909187602813442,1.3954995064045943e-06,0.0013954995064045944
PDK4,-0.5028973196048714,-4.909140642830852,1.3958124311229514e-06,0.0013958124311229513
UGT1A10,0.5023341403919964,4.9032715386982595,1.4354601536393157e-06,0.0014354601536393156
TYRO3,0.5020054950683245,4.899847233983139,1.4590924811442782e-06,0.0014590924811442782
ADAM12,0.5017762645712082,4.897459038909101,1.4757961517352771e-06,0.001475796151735277
LDHD,-0.5013571203528955,-4.893092843013873,1.5068130411843462e-06,0.0015068130411843462
CDH10,0.5004818199810219,4.88397725281271,1.5736105329893207e-06,0.0015736105329893207
HOMER1,0.500249418547176,4.881557502614063,1.5918167067712267e-06,0.0015918167067712266
SLC2A1,0.5002098140542299,4.8811451702585895,1.5949392995645965e-06,0.0015949392995645965
NXPH4,0.4981741675087417,4.8599601377690576,1.7635777269052426e-06,0.0017635777269052425
TAT,-0.4981681792726349,-4.859897837327683,1.764098156318834e-06,0.0017640981563188341
RPLP0P2,0.4980463299256155,4.85863031955682,1.774718658098998e-06,0.001774718658098998
C6,-0.49650708466008503,-4.842623598300821,1.914263483805433e-06,0.0019142634838054328
S100A9,0.49628504091883385,4.8403153647401425,1.935239903296144e-06,0.001935239903296144
SLC22A15,0.4952244974290472,4.829293384311546,2.0384995119908592e-06,0.002038499511990859
CDC25C,0.49481038333277083,4.824990860795385,2.080233152714062e-06,0.002080233152714062
ASF1B,0.4946079714155557,4.822888121091236,2.100927936250644e-06,0.002100927936250644
TMC7,0.4945874365726587,4.822674805235773,2.1030384118016003e-06,0.0021030384118016004
CDKN3,0.4933036995761091,4.809342793545798,2.2390766279250835e-06,0.0022390766279250835
CABYR,0.4929846854310638,4.806030769149075,2.274165876575446e-06,0.0022741658765754458
GPT,-0.49290084178225446,-4.805160380086245,2.2834748372477803e-06,0.0022834748372477804
ZNF239,0.4927792927169842,4.803898604013245,2.297035016785966e-06,0.0022970350167859656
CCNB2,0.49257716107417426,4.801800461458699,2.319755617031529e-06,0.0023197556170315293
E2F8,0.4920302098447068,4.796123883088464,2.3823182504182894e-06,0.0023823182504182894
TTC36,-0.4918614876685169,-4.794373019702643,2.4019409138114757e-06,0.0024019409138114757
HMGCS2,-0.49065562679255315,-4.781863056180585,2.546749551877455e-06,0.002546749551877455
SLC16A11,-0.490208258898289,-4.7772234285708315,2.602565685091436e-06,0.002602565685091436
SPP2,-0.489962873252528,-4.774678888027451,2.6336760170224786e-06,0.0026336760170224786
RBP4,-0.48861233676292076,-4.760678849444407,2.8113602354005506e-06,0.0028113602354005508
DAGLA,0.48801601078145024,4.754499515349662,2.8934105707130934e-06,0.0028934105707130934
RAP1GAP,0.48787611890553884,4.753050119369163,2.912987357668355e-06,0.0029129873576683547
HELLS,0.48726307384528644,4.746699384526562,3.0002807548805553e-06,0.0030002807548805553
FMO4,-0.48697037108066354,-4.74366771533788,3.0428357412243586e-06,0.0030428357412243586
LRP12,0.48620044563237813,4.73569485723378,3.157542918460256e-06,0.003157542918460256
AZGP1,-0.4861208101065593,-4.734870330997613,3.169640444669759e-06,0.003169640444669759
FTCD,-0.4848683183108601,-4.721905816074807,3.3658289305011557e-06,0.0033658289305011557
LAPTM4B,0.4848307647272726,4.721517210634654,3.371886474560288e-06,0.003371886474560288
DCXR,-0.4846267641139126,-4.719406227910046,3.4049761237623643e-06,0.003404976123762364
APOC4,-0.4827256013124902,-4.699741181210247,3.728627412098173e-06,0.003728627412098173
KCNJ11,0.4813192671906908,4.685203783821603,3.986719337965635e-06,0.003986719337965635
CTHRC1,0.4812668631502889,4.684662225769657,3.996658760080433e-06,0.003996658760080433
PPARGC1A,-0.481160972245558,-4.683567963248972,4.016815010329741e-06,0.0040168150103297405
GCNT3,0.4800802625803865,4.672402580365943,4.228152077384064e-06,0.004228152077384064
CCT6B,-0.4797506060501879,-4.6689976598305005,4.294701435863662e-06,0.004294701435863662
PCK1,-0.4796118308595896,-4.667564401965098,4.323014939944161e-06,0.004323014939944162
MMP7,0.47944524405281175,4.665844024105558,4.357237610132996e-06,0.004357237610132996
EHHADH,-0.47835458003057174,-4.6545832410305135,4.5877656135603445e-06,0.004587765613560345
TM4SF19,0.47830653142118473,4.654087255602755,4.598184467606174e-06,0.004598184467606174
STC2,0.4780252335529171,4.651183755778297,4.659634604679106e-06,0.0046596346046791064
SLC38A1,0.4779528081506118,4.650436235995683,4.6755826507642254e-06,0.004675582650764226
IKBKE,0.4778432295373656,4.649305304852783,4.699810477865035e-06,0.004699810477865035
F7,-0.47761964928500283,-4.64699793014062,4.7496162116227325e-06,0.004749616211622732
CFHR4,-0.47621044339884155,-4.632459269433127,5.075315477273814e-06,0.005075315477273814
HAVCR1,0.4761229493935165,4.631556862837075,5.0962240657064e-06,0.0050962240657064
ADH1A,-0.47509333174782215,-4.620939662111635,5.34852702381665e-06,0.00534852702381665
AASS,-0.4745569792327431,-4.615410552657139,5.484631287532038e-06,0.005484631287532038
MMP1,0.4744533197193549,4.61434208079217,5.511313860866199e-06,0.005511313860866199
MMP12,0.4735569702434265,4.605104717254342,5.747257080180572e-06,0.005747257080180573
PFN2,0.4729613363398748,4.598968128603758,5.909334712457835e-06,0.0059093347124578345
DHDH,0.47292444625469054,4.59858811140942,5.919514737535476e-06,0.005919514737535476
COL24A1,0.4728648823663424,4.597974523854029,5.935987308660852e-06,0.005935987308660852
C8A,-0.47204873772216294,-4.589568627639269,6.166138434298037e-06,0.006166138434298037
C10orf91,0.4719449235594998,4.588499583426464,6.196016024032842e-06,0.006196016024032842
CYP4F12,-0.47157789205332246,-4.584720321407646,6.302757794644928e-06,0.006302757794644928
GADD45G,-0.4710274814960462,-4.579053818940471,6.466120131965039e-06,0.006466120131965039
RTP3,-0.47064165239658806,-4.575082372543625,6.58303147553386e-06,0.006583031475533859
ANG,-0.47053443661658156,-4.573978888783237,6.615874640693452e-06,0.006615874640693452
NKAIN1,0.4704982763002611,4.57360673111952,6.626986683542591e-06,0.006626986683542591
DTL,0.46974017872242213,4.565805537531459,6.8640876153483894e-06,0.006864087615348389
ASPA,-0.46904507675362683,-4.5586545394706794,7.08856870837715e-06,0.007088568708377149
PON1,-0.46838472648487994,-4.551862770363311,7.308289883136634e-06,0.007308289883136634
GAGE1,0.46726413144718737,4.540341177722655,7.696064272391312e-06,0.0076960642723913125
KNG1,-0.46673546921161513,-4.534907314220329,7.88573183283208e-06,0.007885731832832081
SOHLH2,0.46656331315153643,4.533138030722516,7.948450848300463e-06,0.007948450848300462
SLC25A15,-0.4658069295210253,-4.525365890857497,8.229681458671068e-06,0.008229681458671069
LOC399959,-0.46569356124687167,-4.5242011703985066,8.272640561514613e-06,0.008272640561514612
E2F5,0.4654312068943525,4.521505994662323,8.372875268317443e-06,0.008372875268317443
SARDH,-0.46518752420780185,-4.519002865999,8.467010929371586e-06,0.008467010929371587
PAFAH1B3,0.4648917679975637,4.515965137042384,8.58261615804152e-06,0.00858261615804152
ADH1C,-0.46478913334949734,-4.514911030901995,8.623084594260762e-06,0.008623084594260762
ABCA9,-0.46448813114247234,-4.511819890632875,8.742815915301168e-06,0.008742815915301167
AURKB,0.4643126813037086,4.510018263749067,8.813333796424476e-06,0.008813333796424476
RDH5,-0.46255173709856034,-4.491942234493745,9.551732459512487e-06,0.009551732459512487
POPDC3,0.462525857352368,4.491676654609615,9.563011543755553e-06,0.009563011543755552
C5orf27,-0.46230083483661066,-4.489367666118924,9.661613369075821e-06,0.009661613369075821
PCK2,-0.4622506820261636,-4.488853087694613,9.683720165119457e-06,0.009683720165119458
CHGA,0.4622326540309838,4.488668101864272,9.691679189092748e-06,0.009691679189092748
ABCC1,0.46197974394140484,4.486073263076331,9.803985739986574e-06,0.009803985739986573
IL8,0.4617651856251298,4.483872079255778,9.900232240518256e-06,0.009900232240518256
AGXT,-0.46166247414546846,-4.482818417569142,9.946623585137841e-06,0.009946623585137841
LOC29034,-0.4611484734927591,-4.477546155166468,1.0181903624941691e-05,0.010181903624941691
MYB,0.4610000384832763,4.476023797172653,1.0250827512510238e-05,0.010250827512510238
CPB2,-0.46087325185063,-4.4747235289113245,1.0310050507134399e-05,0.010310050507134398
PBLD,-0.46072156379423007,-4.473167964462528,1.0381332553169177e-05,0.010381332553169177
CCNJL,0.4601485066256097,4.467292015733985,1.0654879709046284e-05,0.010654879709046284
SPOCD1,0.46012164965873154,4.46701666427733,1.0667866406479787e-05,0.010667866406479787
E2F7,0.4596902491829956,4.462594079627387,1.0878544748330291e-05,0.010878544748330292
IER3,0.4582660365356452,4.447998427452872,1.1602514041565031e-05,0.01160251404156503
GNAZ,0.4579018305359284,4.4442671702314875,1.1794874632633325e-05,0.011794874632633325
C8B,-0.45712420461833536,-4.436302133563468,1.221578140821918e-05,0.01221578140821918
SHOX2,0.4567483916322335,4.432453580432141,1.242427727264402e-05,0.01242427727264402
RDM1,0.45660832652039685,4.431019358047031,1.250284521710072e-05,0.012502845217100721
SLC17A2,-0.45629433979459477,-4.427804498217068,1.2680691358782164e-05,0.012680691358782165
AP1M2,0.4562293390702519,4.427139005136284,1.2717808069437361e-05,0.012717808069437361
GAGE2B,0.4561398639780805,4.4262229798362736,1.2769068068987698e-05,0.012769068068987697
FXYD3,0.4561054249099292,4.425870403528379,1.2788850653136867e-05,0.012788850653136867
CD300LG,-0.45587349003342736,-4.42349606614897,1.2922838309204366e-05,0.012922838309204366
SCN4A,-0.45511139384337324,-4.415695818099447,1.337255088365375e-05,0.013372550883653751
SLC6A1,-0.45508243246421554,-4.415399424488342,1.3389931327034629e-05,0.01338993132703463
NRSN2,0.4543306932132607,4.407707355370487,1.3848635148409143e-05,0.013848635148409142
SLC25A24,0.45316866342452067,4.395821140103594,1.458717284827403e-05,0.01458717284827403
FAM27C,0.45291236835198634,4.3932002076904295,1.4755023173049464e-05,0.014755023173049464
CPS1,-0.4528904870352639,-4.39297644228491,1.4769438981631218e-05,0.014769438981631218
RTL1,0.4516162362068193,4.3799493550146895,1.563233876525391e-05,0.015632338765253908
C12orf56,0.45089887024749487,4.3726180814776985,1.6138964538848016e-05,0.016138964538848017
TTC39A,0.4505555756092652,4.369110378813758,1.6386886317625784e-05,0.016386886317625783
FAM64A,0.4505027277463931,4.368570433280377,1.6425371523246225e-05,0.016425371523246225
HPX,-0.4504668299482555,-4.368203667714617,1.6451562459904927e-05,0.016451562459904926
SHMT1,-0.4504458215666707,-4.367989041163422,1.6466907597662676e-05,0.016466907597662676
MGC12982,0.4501860126217781,4.365334764597677,1.665781609292255e-05,0.01665781609292255
TM6SF2,-0.4500917481946054,-4.3643717878642,1.672760029801995e-05,0.016727600298019948
PIF1,0.45004163967550803,4.363859917561465,1.676480789115474e-05,0.01676480789115474
ELFN1,-0.4498237922265198,-4.3616346252744,1.6927485893678702e-05,0.016927485893678703
PIPOX,-0.4497612506728788,-4.360995809914703,1.6974464297316763e-05,0.016974464297316763
ADHFE1,-0.44937395779630196,-4.35704018323205,1.726815067476679e-05,0.01726815067476679
GAGE8,0.449337926505489,4.356672206534491,1.7295717033957796e-05,0.017295717033957797
ACOX2,-0.4492810950469996,-4.356091806624519,1.7339282329040085e-05,0.017339282329040084
FIBCD1,0.4490472791857793,4.353704056439843,1.751961589436314e-05,0.01751961589436314
CCDC112,0.44889416191139353,4.352140530044256,1.7638671192820022e-05,0.017638671192820022
CLEC5A,0.44880760252176666,4.351256670256309,1.7706315104424845e-05,0.017706315104424844
GAGE2A,0.44832273300352965,4.346306199537682,1.808979861588159e-05,0.018089798615881593
GNMT,-0.4473179339949364,-4.336050015722482,1.8909721288467028e-05,0.01890972128846703
ADRA1A,-0.4469585377252349,-4.33238247550453,1.9211456961842978e-05,0.01921145696184298
BAAT,-0.4467925034698688,-4.330688306213284,1.9352389383628602e-05,0.019352389383628602
CYP27A1,-0.44670672270966216,-4.3298130622007625,1.9425584909036212e-05,0.01942558490903621
IGF1,-0.4466909198116734,-4.329651814096915,1.9439098730730858e-05,0.019439098730730856
SOX4,0.4465984692404662,4.32870854990961,1.9518331782448515e-05,0.019518331782448516
CECR7,0.4461355980700332,4.323986358824864,1.9919655771799358e-05,0.01991965577179936
GLDN,0.44563885130907976,4.318919430164308,2.035905012292001e-05,0.02035905012292001
ASPM,0.44541667298313947,4.31665346222405,2.0558535684901648e-05,0.02055853568490165
UPB1,-0.4444602193015028,-4.306900678988852,2.1438659321651092e-05,0.021438659321651093
MAGEA2,0.44403512418036084,4.302567114722362,2.1841189540642584e-05,0.021841189540642583
PLGLA,-0.4437967032133396,-4.30013686551768,2.20700784810159e-05,0.0220700784810159
CYP3A5,-0.44360113230950415,-4.298143537306718,2.225952646621585e-05,0.02225952646621585
E2F1,0.4429706975929572,4.291718854100764,2.288077024686388e-05,0.02288077024686388
KCNJ8,-0.4418332721113118,-4.280131067623291,2.4043392411831758e-05,0.024043392411831756
PAEP,0.4412688992640468,4.274383083270448,2.4640834818383548e-05,0.02464083481838355
C21orf34,-0.44053637897019615,-4.266924284053067,2.543726414024206e-05,0.02543726414024206
TDRD5,0.4405188589385828,4.266745907378022,2.545660848439778e-05,0.02545660848439778
BICD1,0.439446008331002,4.255825220076237,2.6668056431677757e-05,0.02666805643167776
SLC6A3,0.4392942225536417,4.254280498685735,2.6843796238339856e-05,0.026843796238339858
SFN,0.4379729323745393,4.240837190275576,2.8420612946801905e-05,0.028420612946801906
CHAD,-0.43766043859654363,-4.237658671799435,2.880615462602274e-05,0.028806154626022738
LOC728989,-0.4376375770756915,-4.237426154736009,2.8834553136335386e-05,0.028834553136335386
GPR182,-0.4372946610047381,-4.233938603954651,2.926372564513862e-05,0.02926372564513862
CCBP2,-0.437028177967685,-4.231228687485758,2.9601406226893087e-05,0.029601406226893088
HAO1,-0.43678287357101847,-4.2287343564270214,2.9915507362825178e-05,0.029915507362825177
DEPDC7,-0.4366104443322135,-4.226981181437984,3.0138178608341582e-05,0.030138178608341584
PNCK,0.4363333863266837,4.22416438197718,3.049925688204584e-05,0.03049925688204584
SEC14L3,-0.4362745315697817,-4.223566056889398,3.05764844433594e-05,0.030576484443359395
IYD,-0.4362019408390527,-4.222828103992589,3.067199120941609e-05,0.03067199120941609
IL27,-0.4360791672399088,-4.221580039738602,3.083416542555907e-05,0.03083416542555907
GABRA3,0.43569828162243524,4.217708438075005,3.13424660767011e-05,0.031342466076701096
PHLDA2,0.43541541646460713,4.214833521213765,3.172507499649297e-05,0.03172507499649297
ITIH1,-0.4354074747564986,-4.214752808914485,3.173588065869368e-05,0.031735880658693684
TINAG,0.43507226754646716,4.2113462688596055,3.219515935336545e-05,0.03219515935336545
GPLD1,-0.43417643325231003,-4.202244317079299,3.345362179936808e-05,0.033453621799368075
HSD17B6,-0.4340157327589461,-4.200611847203115,3.368423863629544e-05,0.033684238636295445
ADH6,-0.4339682183118182,-4.20012919564669,3.375271210883785e-05,0.03375271210883785
KDELR3,0.4339307508441075,4.199748606571295,3.380679964396531e-05,0.03380679964396531
HLF,-0.43353991280671594,-4.195778775448122,3.4375924077331746e-05,0.03437592407733175
C13orf29,0.43351875739176426,4.195563913985153,3.440698635990675e-05,0.03440698635990675
AQP9,-0.43337343176266785,-4.194087944484978,3.462109031548879e-05,0.03462109031548879
CTAG2,0.4328571305436546,4.188844870299538,3.539196998852393e-05,0.03539196998852393
MASP1,-0.4322809245078828,-4.182994571743272,3.627144530735571e-05,0.03627144530735571
CT45A1,0.432163618782347,4.18180368027799,3.645300672213017e-05,0.03645300672213017
CXCL5,0.43194346100052494,4.179568765923706,3.679607977168408e-05,0.03679607977168408
GRAMD1B,0.43157977574886586,4.175877228373778,3.736950462369284e-05,0.037369504623692845
BHMT,-0.43115302104421926,-4.1715460895522565,3.805314398053122e-05,0.03805314398053122
RBP5,-0.43108236563274693,-4.170829076314125,3.8167463389220735e-05,0.03816746338922074
SRD5A2,-0.4310283772210588,-4.170281198373286,3.825503671652113e-05,0.03825503671652113
CTAG1B,0.430774450475635,4.167704499758933,3.8669473582990795e-05,0.0386694735829908
COL25A1,-0.4297570995040969,-4.157383275328515,4.037284464128215e-05,0.04037284464128215
AFM,-0.4296263499892653,-4.156057037556961,4.0596836479648726e-05,0.04059683647964873
AOX1,-0.42922703773563187,-4.152007083601387,4.128819690724015e-05,0.04128819690724015
GPT2,-0.4291448163521846,-4.151173243825299,4.143192616242079e-05,0.041431926162420786
XRCC2,0.4290584010947286,4.150296891082808,4.1583497150653515e-05,0.041583497150653514
UAP1L1,0.4289990329872719,4.149694838575915,4.168793210133369e-05,0.04168793210133369
ZNF385B,-0.42891955527444475,-4.148888870167181,4.1828130547544e-05,0.041828130547544
KIAA1609,0.42877835431668,4.147457054089064,4.2078303992319394e-05,0.04207830399231939
ASRGL1,0.42842856696069753,4.143910383266831,4.270414816743816e-05,0.04270414816743816
CHST1,0.4280474780875535,4.140046808351809,4.339600182362766e-05,0.043396001823627656
KCTD17,0.4275813987431493,4.135322250722765,4.425654853641831e-05,0.04425654853641831
CRHBP,-0.42742105286642185,-4.133697022108393,4.4556312410899015e-05,0.04455631241089902
AKR1B15,0.42705917664818827,4.130029460024939,4.523989461071897e-05,0.04523989461071897
HGD,-0.4269641886138845,-4.12906685712894,4.5420958312705824e-05,0.045420958312705824
FMO3,-0.4268311781701866,-4.127718966741253,4.5675653947984745e-05,0.04567565394798474
LST-3TM12,-0.4265360929464578,-4.124728884913278,4.6245519779256225e-05,0.04624551977925623
COLEC10,-0.42586284339483627,-4.117907995172361,4.757092589127826e-05,0.04757092589127826
NCS1,0.425761694869419,4.116883371126552,4.777312432317557e-05,0.04777312432317557
TRIM54,0.4254700420014298,4.113929119509719,4.8360704692495686e-05,0.04836070469249568
FBXO41,0.4251487823173591,4.110675323368485,4.901582271480702e-05,0.04901582271480702
CCDC19,0.4250091459588303,4.109261160160368,4.930317586132452e-05,0.049303175861324516
RUNDC3B,-0.4247177057736854,-4.106309813034987,4.990805363074338e-05,0.049908053630743375
DNMT3L,-0.42446814979797887,-4.103782840231642,5.043156300332323e-05,0.05043156300332323
CASQ2,-0.4243410716821011,-4.102496157374861,5.070012739935982e-05,0.05070012739935982
CDO1,-0.4238600819143066,-4.097626526930662,5.172892311547699e-05,0.05172892311547699
FAM178B,0.42294073555507883,4.088321075894147,5.375037142065896e-05,0.05375037142065896
NAALADL2,-0.42278194320663975,-4.086714105747495,5.41069819827481e-05,0.054106981982748104
CNTNAP1,0.42251719777493857,4.084035077066996,5.470650792553281e-05,0.05470650792553281
PAH,-0.4225100768808998,-4.083963016457102,5.4722720953740496e-05,0.0547227209537405
RDH16,-0.4222805244414083,-4.081640301691525,5.524776728532788e-05,0.05524776728532788
FBP1,-0.42224294537120943,-4.0812600837333095,5.533417016891943e-05,0.05533417016891943
TPRG1,-0.4221789908715388,-4.08061300880708,5.548151076194127e-05,0.05548151076194127
RORC,-0.4220890493095013,-4.079703020226329,5.568934908442171e-05,0.05568934908442171
PAGE1,0.42175431457084334,4.076316556461218,5.646933149350885e-05,0.05646933149350885
ACSM2A,-0.4212698811022047,-4.071416294267756,5.7616396485660735e-05,0.057616396485660734
C4BPA,-0.42125705256489343,-4.071286540389373,5.7647068694938835e-05,0.05764706869493884
CYP4A22,-0.4203767178621571,-4.062383602648384,5.978910341747501e-05,0.05978910341747501
CRYAA,-0.42027824214729215,-4.061387864916915,6.003332842493057e-05,0.06003332842493057
C1orf106,0.41966227327741673,4.055160242003759,6.15824334339613e-05,0.061582433433961296
AMDHD1,-0.41916366384823095,-4.050120093015714,6.286390706793666e-05,0.06286390706793665
ASGR2,-0.41884366091883096,-4.0468858058053065,6.369954449327107e-05,0.06369954449327107
CFHR3,-0.41842750465592415,-4.042680184924746,6.480194373880784e-05,0.06480194373880784
MAT1A,-0.41812484855334536,-4.039621960632684,6.561494314636843e-05,0.06561494314636843
GDPD1,0.4180457800394079,4.03882305730675,6.582891544188206e-05,0.06582891544188206
C20orf103,0.41774212140314326,4.035755070151411,6.665680144364999e-05,0.06665680144365
GYS2,-0.41744600076919136,-4.032763542548664,6.747357587608492e-05,0.06747357587608492
SPDYC,-0.41726363855212273,-4.0309214040852686,6.798125527840939e-05,0.06798125527840938
APOC3,-0.4170606748586586,-4.028871272779832,6.855052289253229e-05,0.06855052289253229
CT45A5,0.41683618884726303,4.026603920870522,6.91853808190536e-05,0.06918538081905361
NLRP6,-0.41670214509833015,-4.025250117187156,6.956710478258053e-05,0.06956710478258053
OIP5,0.41635026011594134,4.021696497125428,7.057864042436586e-05,0.07057864042436586
SERPINF2,-0.41590012937555976,-4.01715129008992,7.189280530248551e-05,0.07189280530248551
ZIC2,0.41589731602726526,4.017122875943204,7.190109338184407e-05,0.07190109338184407
FZD7,0.41586812353538555,4.016828135880255,7.198711921654327e-05,0.07198711921654327
CYP8B1,-0.41539742136296093,-4.012075966400274,7.33877038300688e-05,0.0733877038300688
UCHL1,0.4151559167244637,4.009638048853918,7.411622632660251e-05,0.07411622632660252
VNN2,0.41437142159334595,4.001720120576497,7.65300100883922e-05,0.0765300100883922
KCNF1,0.4143702479340048,4.001708275685929,7.653367630103097e-05,0.07653367630103097
HES2,0.41435656508668217,4.001570197224655,7.65764264428468e-05,0.07657642644284679
ITIH4,-0.4142686583791896,-4.000683084238592,7.685162463998453e-05,0.07685162463998453
TCP10L,-0.41386678410371935,-3.9966278707853897,7.812162527861481e-05,0.07812162527861481
ABAT,-0.4132075131187446,-3.989976494062601,8.02479282363258e-05,0.08024792823632579
CTNNA3,-0.413128684186726,-3.989181283045375,8.050578596801707e-05,0.08050578596801707
IQCD,0.412984815365499,3.987730019036682,8.097840634735306e-05,0.08097840634735307
LOC441666,0.41209368962409054,3.978742356707109,8.396451566975203e-05,0.08396451566975202
ALDH6A1,-0.4111616032330449,-3.9693443624680307,8.719856542635937e-05,0.08719856542635937
FGA,-0.410988789072177,-3.967602227307751,8.78109119152033e-05,0.08781091191520331
CYP2C8,-0.4109409037298719,-3.9671195074281997,8.798130455472891e-05,0.08798130455472891
KLHL29,0.4101412920987452,3.9590600533148335,9.087292326815051e-05,0.09087292326815051
PROZ,-0.4096988524162025,-3.9546014952546167,9.251108847907839e-05,0.0925110884790784
ZIC5,0.4096369879235037,3.9539781209429385,9.27423484321658e-05,0.09274234843216579
CHRNA5,0.40949859810165734,3.952583707139905,9.326163579686803e-05,0.09326163579686804
LOC388387,-0.40924766070611646,-3.9500554077799697,9.42102285619447e-05,0.0942102285619447
SYBU,-0.4083695517674188,-3.941209683776493,9.760156920798678e-05,0.09760156920798678
ABCB4,-0.4083659418373109,-3.941173316064556,9.76157481164432e-05,0.0976157481164432
LECT2,-0.4081268402948083,-3.9387651291717964,9.855900155088319e-05,0.0985590015508832
SLC22A3,-0.4080057766603269,-3.9375458821634046,9.90398523821607e-05,0.0990398523821607
BOP1,0.4077255519818508,3.9347238667552524,0.00010016135373286065,0.10016135373286066
LPA,-0.40664211212505086,-3.92381538920795,0.00010461074207438499,0.10461074207438499
BAIAP2L2,0.4066355032890944,3.923748862910605,0.00010463844305428321,0.10463844305428321
ASNS,0.4055239345736812,3.912561125727202,0.00010939711189781848,0.10939711189781848
C8orf80,-0.4052446223108669,-3.9097505182436554,0.00011062442544563383,0.11062442544563383
C3orf55,0.40330744399299245,3.8902643489402893,0.00011949913374574297,0.11949913374574297
LOC399815,0.4031878780234439,3.8890620230800095,0.00012006823419768367,0.12006823419768367
SERPINC1,-0.403061929283006,-3.8877955465928338,0.00012067047399941294,0.12067047399941294
AMBP,-0.40305746527580544,-3.8877506698565334,0.00012069186633754345,0.12069186633754345
BRSK1,0.4030000056920968,3.8871729123939094,0.00012096759902975363,0.12096759902975363
HK2,0.40284343972207715,3.8855986722782485,0.00012172192922070362,0.12172192922070361
SULT2A1,-0.4027580294716794,-3.884739923474302,0.0001221352918129382,0.1221352918129382
PLAUR,0.4025809721905427,3.882959814179376,0.00012299639195740197,0.12299639195740197
ZBTB16,-0.40236510837840467,-3.880789659720305,0.00012405394542026912,0.12405394542026911
TFF2,0.40195959650939234,3.8767133145669295,0.00012606372925950786,0.12606372925950787
ANO1,-0.4018645895696453,-3.8757583515247385,0.0001265389958757609,0.12653899587576092
CFHR2,-0.4017353361016984,-3.874459199785432,0.00012718828205990975,0.12718828205990976
JMJD5,-0.40165884678626873,-3.8736904259288303,0.0001275739812992287,0.1275739812992287
FAM24B,0.40144711000123867,3.871562385744964,0.00012864741553040998,0.12864741553040998
C12orf36,0.4013584038144311,3.8706708904945777,0.00012909964280344736,0.12909964280344735
TSC22D3,-0.40135350508627826,-3.8706216650476093,0.0001291246570898051,0.1291246570898051
CPN2,-0.40114754958237453,-3.868551918029707,0.00013018057553797752,0.13018057553797752
CYP2C19,-0.40060746978485356,-3.8631250527478964,0.0001329881239675568,0.1329881239675568
TNFRSF11B,0.39972999797608516,3.854309939590238,0.00013767101109722163,0.13767101109722163
TTR,-0.3993471832986749,-3.850464929840616,0.00013976209569712634,0.13976209569712633
TMPRSS6,-0.39896353836393156,-3.846612047088309,0.00014188757228078403,0.14188757228078402
DPYSL4,0.3988354109212124,3.845325385020907,0.0001426041541775752,0.1426041541775752
TMC5,0.39839551951680097,3.840908361854966,0.00014509026105902998,0.14509026105902997
CAPG,0.397575027862715,3.832671311624304,0.00014983632086689746,0.14983632086689747
TREH,-0.39740848259925565,-3.830999583073143,0.00015081729472123334,0.15081729472123334
A1BG,-0.3974051479266538,-3.830966114015446,0.0001508369962917989,0.1508369962917989
LRRC3,-0.39718315349185895,-3.828737959580122,0.00015215408658133568,0.15215408658133567
ABCA6,-0.3970808330198027,-3.8277110143096547,0.00015276478023350487,0.15276478023350487
S100A11,0.39672882860510916,3.8241783750610954,0.00015488327653145821,0.15488327653145822
ABCG5,-0.39444534975047424,-3.8012711880742427,0.00016930911644924212,0.16930911644924213
LOC201651,-0.3938658590511944,-3.7954604859019723,0.00017316526472845753,0.17316526472845753
ACOT11,0.3938504863057638,3.79530635162417,0.0001732686732840666,0.1732686732840666
LOC92659,0.3938268283461718,3.7950691560257654,0.0001734279215496981,0.1734279215496981
HPDL,0.39351131452287524,3.7919058886998425,0.000175564931941847,0.175564931941847
ABCC6P1,-0.39345447282372276,-3.7913360415112054,0.00017595253772796033,0.17595253772796032
SGPP2,0.39310925120604384,3.787875336963063,0.0001783238943496441,0.1783238943496441
MPP2,0.3930313074161791,3.7870940403716706,0.00017886341698214456,0.17886341698214456
ACSL1,-0.3926551388045898,-3.7833236257850675,0.00018148880517256436,0.18148880517256435
FAM163B,-0.39264764600156,-3.78324852673138,0.0001815414653152583,0.1815414653152583
IL4I1,0.3921484750061879,3.77824591662276,0.000185082010255634,0.185082010255634
DAO,-0.39208781620197763,-3.777638046169667,0.00018551663871325193,0.18551663871325194
TNFAIP6,0.3919348627998397,3.776105356982921,0.0001866167953992858,0.18661679539928577
HOXD9,0.3914851107891561,3.771598961941231,0.00018988724455159048,0.18988724455159048
NR1I2,-0.3914759768842019,-3.771507446160298,0.00018995421785396175,0.18995421785396174
CCNE1,0.3914000274920024,3.77074652492099,0.00019051194106108624,0.19051194106108624
EFNA5,0.3904236157192358,3.760965528666576,0.0001978200038683951,0.1978200038683951
HTRA3,0.39028303204284076,3.759557505143301,0.00019889356342228315,0.19889356342228315
TRIM16,0.3901471397377162,3.758196528305086,0.00019993647448864461,0.19993647448864463
MYOM2,-0.3900565468631265,-3.7572892577170087,0.00020063457609079894,0.20063457609079893
TRIM36,0.3899418824185069,3.7561409571526605,0.0002015214362354193,0.20152143623541932
STEAP4,-0.38964176275747847,-3.753135595920952,0.0002038600874433577,0.20386008744335768
MYRIP,-0.3896086495416454,-3.752804017620347,0.00020411967072687517,0.20411967072687517
PRR19,0.38933472536019575,3.750061254243804,0.00020627889117938032,0.20627889117938034
PACRG,-0.3892345136508668,-3.7490579008332174,0.00020707414230091776,0.20707414230091775
LIPC,-0.3891782670466436,-3.7484947598584526,0.00020752175011159584,0.20752175011159585
GOLGA6B,-0.3889001373669406,-3.7457102417654466,0.00020974844472556,0.20974844472556
MAPT,0.3887960621142804,3.744668354367854,0.00021058738866622185,0.21058738866622184
EXPH5,-0.3887492489471689,-3.7441997116983377,0.0002109657780013391,0.21096577800133912
PPP2R2C,0.3884959218082189,3.7416638277219127,0.0002130244367495829,0.2130244367495829
LOC723809,0.3882093341515046,3.7387952423977513,0.00021537601733711965,0.21537601733711964
MASP2,-0.38779464067479985,-3.734644818406007,0.00021882177482123293,0.21882177482123294
MAGEE1,0.3875007078602902,3.7317033470039584,0.00022129523782665132,0.2212952378266513
CTH,-0.38741782668232283,-3.730873965526772,0.00022199740840651424,0.22199740840651425
FCN3,-0.3869287453035133,-3.7259802676553933,0.0002261834545692478,0.2261834545692478
C20orf118,0.3866564931482073,3.723256459978842,0.00022854550435746934,0.22854550435746934
RAB3IL1,0.3866496495205255,3.723187998449029,0.0002286051717388215,0.2286051717388215
PLIN1,-0.38568224828896347,-3.713511220691288,0.00023718822414083102,0.23718822414083102
NCRNA00093,-0.3856668051114397,-3.7133567696427896,0.00023732764879604037,0.23732764879604037
CA5A,-0.38564279065503326,-3.713116587241132,0.00023754461750895723,0.23754461750895722
SLC1A2,-0.3855914791105287,-3.7126034081179857,0.00023800882417176027,0.23800882417176028
GZMH,-0.3853180788004593,-3.7098692241574764,0.00024049652866643543,0.24049652866643542
ACY3,-0.3850937875064272,-3.707626318574465,0.00024255551150872224,0.24255551150872223
CYP4F3,-0.3850316565598385,-3.707005036125235,0.00024312877793666014,0.24312877793666013
GRIN2D,0.3848632895908035,3.7053215090454623,0.00024468861521725687,0.24468861521725688
APOC1,-0.38457865270246483,-3.7024755658547224,0.0002473469228193797,0.24734692281937967
GAGE2E,0.383871056898597,3.6954017267277957,0.00025407269784844227,0.2540726978484423
GDF7,-0.38353059670781015,-3.6919986721801745,0.00025736931852336477,0.25736931852336475
KLRB1,-0.38325791792974795,-3.6892733793443986,0.00026003837524462767,0.2600383752446277
PLG,-0.38232349028326923,-3.6799359015329642,0.00026938212679802117,0.26938212679802115
GOLGA6A,-0.38090536058547186,-3.665769907368405,0.0002841630330167082,0.2841630330167082
BAI2,0.3803665360341386,3.6603890429540975,0.00028997487382641967,0.2899748738264197
SSX4,0.38034431899694965,3.6601671885784395,0.00029021688130963626,0.29021688130963624
LGSN,-0.3800496698173076,-3.6572251178111386,0.00029344422770397787,0.2934442277039779
NPTX1,0.3799367236994825,3.656097423287713,0.0002946901945662903,0.2946901945662903
MBOAT4,0.3799257163967624,3.655987522513236,0.000294811887458977,0.29481188745897696
CDH18,0.3797096855976964,3.6538307045976626,0.0002972097151055465,0.2972097151055465
DUSP5P,0.37961818531669805,3.6529172131534238,0.00029823080254954247,0.2982308025495425
PSMC3IP,0.37961225932991804,3.6528580561658566,0.00029829704099150933,0.29829704099150933
LYPD2,-0.3794740635605578,-3.6514784391584922,0.00029984573639615475,0.29984573639615475
SLC22A1,-0.3791043463405945,-3.647787790018036,0.00030402594654051717,0.3040259465405172
TMEM195,-0.3790082401546855,-3.6468285062403005,0.0003051214176469428,0.3051214176469428
MAGEA6,0.37865639204827384,3.64331670709639,0.000309163526865014,0.309163526865014
HOXD10,0.37821173784104783,3.6388791601982686,0.00031434320151724714,0.31434320151724715
ALDOB,-0.3781528491974884,-3.6382915024500955,0.00031503522374855465,0.31503522374855464
APOB,-0.37810227724069645,-3.6377868607882675,0.000315630629509834,0.31563062950983395
CUZD1,0.37800891299582856,3.636855210430108,0.00031673262538872075,0.31673262538872077
DKFZp686O24166,0.3779743546775484,3.636510364401851,0.00031714144039938965,0.31714144039938963
F12,-0.3779171791391205,-3.635939843841477,0.0003178188819550336,0.3178188819550336
OIT3,-0.3777117433355707,-3.633890017822969,0.0003202641052819072,0.32026410528190724
ACSM2B,-0.3775944111961469,-3.6327193295499174,0.0003216685337091123,0.3216685337091123
CCL20,0.37738176396558004,3.630597742791834,0.000324228480276618,0.324228480276618
ESPL1,0.37729623218466535,3.6297444389570974,0.00032526348217761967,0.3252634821776197
NCRNA00200,0.3772258725100217,3.6290425083752864,0.00032611720515319983,0.3261172051531998
F13B,-0.3772103601291846,-3.628887744939516,0.0003263057192990191,0.3263057192990191
HAPLN4,-0.3770854517858935,-3.627641661466418,0.00032782728406866187,0.32782728406866185
SERPINA6,-0.3770378131295221,-3.6271664336516567,0.0003284093286089936,0.3284093286089936
LIN28B,0.37688277164616935,3.6256198109088533,0.0003303103155347551,0.3303103155347551
ZNF695,0.376722794554562,3.624024045452887,0.0003322825402954087,0.3322825402954087
COLEC12,0.3763740198276678,3.6205452776782683,0.00033662040906606074,0.3366204090660607
LGALS3,0.3763617072119773,3.6204224794265722,0.0003367745009946559,0.3367745009946559
MMP16,0.3756406708658653,3.6132318356706645,0.00034591404522685005,0.34591404522685004
SLCO2A1,-0.37537658560139764,-3.610598578513308,0.0003493189040950636,0.3493189040950636
ZNF681,0.3753253423353416,3.6100876470313623,0.0003499831856681906,0.34998318566819064
CYP17A1,-0.3753243964685302,-3.610078206094731,0.0003499954713486003,0.3499954713486003
C16orf45,-0.3751408763478149,-3.6082484517864923,0.00035238422959223874,0.35238422959223875
GC,-0.375118485007632,-3.608025205580245,0.00035267672508021317,0.35267672508021314
TFR2,-0.3750478973367094,-3.607321445482411,0.00035360027935610084,0.35360027935610083
NKX3-2,0.37397006260711513,3.596577265214425,0.0003679850958518012,0.36798509585180117
ACADL,-0.3737431956995718,-3.594316208657148,0.0003710814721368103,0.3710814721368103
PROC,-0.37349705177098047,-3.5918632180436956,0.0003744683439027667,0.37446834390276673
GJB3,0.3734132223303521,3.5910278324013736,0.00037562837898454376,0.37562837898454376
MST4,0.3733826542996531,3.5907232230210737,0.000376052204968501,0.376052204968501
OTC,-0.373135906030051,-3.588264449284987,0.000379489754537727,0.379489754537727
AGPAT4,0.37245913974557043,3.581521612231293,0.00038906870633379837,0.38906870633379836
C3P1,-0.37245580893234054,-3.581488418435611,0.0003891164181717837,0.3891164181717837
ADAMTS14,0.37238345309297205,3.580767602530839,0.00039015385405979946,0.39015385405979947
HOMER2,-0.37203601889862925,-3.5773065899032943,0.00039517137513038985,0.39517137513038986
SEPT4,-0.37162696815068413,-3.573232222825104,0.0004011556719728069,0.40115567197280694
AGXT2L1,-0.37125373587519517,-3.569515038435262,0.0004066894193224067,0.4066894193224067
ISM2,0.37106866018536794,3.5676719525273004,0.00040945968751283983,0.40945968751283984
ZNF321,0.37057807821510963,3.562786914112521,0.00041688806305498444,0.41688806305498444
ASGR1,-0.3705219281820642,-3.562227837168455,0.00041774623075276784,0.41774623075276784
CYP7A1,-0.370489511220296,-3.5619050571900037,0.00041824244319643234,0.41824244319643233
SLC6A12,-0.37039668569144407,-3.560980843555886,0.00041966630378488984,0.41966630378488984
VSIG10L,0.3702531305249799,3.559551581110762,0.00042187720553965623,0.42187720553965624
FABP4,-0.3694506576494674,-3.5515630808634016,0.0004344369536760103,0.4344369536760103
MPP3,0.36932498832774197,3.5503122350235574,0.00043643502585660905,0.43643502585660904
TSPY3,0.3689399377608159,3.546479905471477,0.0004426104619260029,0.4426104619260029
ASPDH,-0.3686929806394519,-3.5440222129368406,0.0004466138057302367,0.44661380573023673
SSX6,0.36853226250405396,3.5424228641510633,0.0004492371921969019,0.4492371921969019
FOLH1B,-0.3683004286780347,-3.540115939360568,0.00045304665367820057,0.4530466536782006
APOF,-0.36716412519262737,-3.5288110941541087,0.00047215614098914234,0.4721561409891423
CXorf61,0.3667570323168265,3.524761917192468,0.0004791825666687021,0.4791825666687021
UGT2B15,-0.36628958472802087,-3.5201129748123035,0.00048737048788425534,0.48737048788425535
CSMD2,0.36625950454557854,3.5198138418941447,0.00048790179525584214,0.48790179525584215
SRC,0.3662328200758226,3.5195484839551954,0.0004883735668935836,0.4883735668935836
FAM176A,-0.3660357313149558,-3.517588582204964,0.000491871268029489,0.49187126802948894
ZNF816A,0.3657343074574778,3.5145913601814383,0.0004972655988053722,0.49726559880537224
TREM2,0.36506375618378634,3.5079246233633685,0.0005094635010564129,0.5094635010564129
GFRA1,-0.3650542411375106,-3.507830024538521,0.0005096385838362107,0.5096385838362106
HDC,-0.36502883468474295,-3.507577463791498,0.0005101062973016175,0.5101062973016175
CYP2D6,-0.36471837785416433,-3.504491304094289,0.0005158540583193509,0.5158540583193509
UROC1,-0.3642457803991643,-3.4997938782635596,0.0005247191620128706,0.5247191620128706
GABRA2,0.36384990521424865,3.4958595355917286,0.0005322536654031087,0.5322536654031087
EGF,0.36378143719141676,3.49517911726438,0.0005335669313949418,0.5335669313949418
DGKG,0.36376615648958893,3.495027271500706,0.0005338604203307957,0.5338604203307957
MMP9,0.36366663513052994,3.4940382792893043,0.0005357756528700723,0.5357756528700723
SFRS13B,0.3634162205938966,3.4915499341228267,0.0005406229318984368,0.5406229318984368
MAGEA12,0.36297998677732624,3.4872155158596025,0.0005491644616065315,0.5491644616065315
SLC38A4,-0.3628655860693735,-3.4860789295122965,0.0005514250529754509,0.5514250529754509
PITX2,0.3626615243023772,3.484051627311322,0.0005554788407093912,0.5554788407093912
ITIH2,-0.36213900997631615,-3.478861113714167,0.0005659851816514298,0.5659851816514297
SLC22A25,-0.36175016277238586,-3.4749989002120207,0.0005739231274513773,0.5739231274513773
ABCG8,-0.36116879588663875,-3.4692252830836594,0.0005859838873594622,0.5859838873594622
GPM6A,-0.36108799762414084,-3.4684229445236907,0.0005876785573220736,0.5876785573220736
AKR1B10,0.36079640568633986,3.465527526988674,0.0005938323274980839,0.5938323274980839
EDA,0.36072098662150387,3.4647786895637696,0.0005954336429352078,0.5954336429352078
OGDHL,-0.36060732278169877,-3.463650130515549,0.0005978545827219462,0.5978545827219462
SLC22A7,-0.36052308705045544,-3.462813783867599,0.0005996546122439696,0.5996546122439697
CES3,-0.360329269973385,-3.4608895304294003,0.0006038153448036797,0.6038153448036797
MYH3,-0.36010246669919344,-3.458637911950757,0.0006087181784966405,0.6087181784966404
PMAIP1,0.35979280749143944,3.4555639584434394,0.0006154717076964997,0.6154717076964997
CCDC163P,0.3597006532791156,3.4546492082286075,0.0006174949076656011,0.6174949076656011
MST1,-0.358786415351081,-3.4455754497552635,0.000637903124023051,0.637903124023051
INSIG1,-0.35872013865196084,-3.444917745865626,0.0006394066221299791,0.6394066221299791
FRMD1,0.3587097983182409,3.444815132047882,0.0006396414935753367,0.6396414935753367
CSAG3,0.3581435495312902,3.439196418162349,0.0006526258044400357,0.6526258044400357
CYP3A43,-0.3578892294991349,-3.4366731738854335,0.000658536510511417,0.658536510511417
LOC339535,0.357830984862246,3.4360953214836725,0.0006598971478570526,0.6598971478570526
SAGE1,0.3569646631904163,3.427501558133685,0.0006804447436091833,0.6804447436091834
GLYAT,-0.3568603124834081,-3.4264665421391625,0.0006829593605971521,0.6829593605971521
GRAMD1C,-0.3561546327352405,-3.4194680532859207,0.0007001914608143216,0.7001914608143216
PGLYRP2,-0.3555685033017642,-3.4136562069976866,0.0007148092404670134,0.7148092404670134
TSPY4,0.3554261009790649,3.4122443532901245,0.0007184030270172317,0.7184030270172317
AKR7A3,-0.35419032477737844,-3.3999944173547987,0.0007502997257480247,0.7502997257480247
HPD,-0.3540684916041943,-3.3987869387970124,0.0007535142881621728,0.7535142881621728
CYB561,0.3539967183845171,3.3980756345675176,0.0007554139363579067,0.7554139363579067
MOGAT2,-0.3538979233082852,-3.397096526451373,0.000758036101452388,0.758036101452388
MATN3,0.3538400501686424,3.3965229952063405,0.0007595760239756253,0.7595760239756253
LOC255167,-0.35372962794384644,-3.395428712282473,0.0007625222519571031,0.7625222519571031
LOC149837,0.3536043576103106,3.394187342881793,0.000765877391357891,0.765877391357891
TNNT1,0.3526701645136959,3.3849311761620737,0.0007913320496356553,0.7913320496356554
IBSP,0.35226968806473624,3.3809639091972,0.0008024817035975022,0.8024817035975021
CYP3A4,-0.35202658296677247,-3.378555821904577,0.0008093206405184134,0.8093206405184133
DGAT2,-0.3511462507358702,-3.369837039291698,0.0008345387785289299,0.8345387785289299
CYP4F2,-0.3507291144654944,-3.36570645133273,0.000846739876947283,0.846739876947283
TTLL7,0.3502305200455584,3.3607698728176483,0.0008615396303272384,0.8615396303272383
SHISA9,0.35008598545859726,3.3593389619830596,0.0008658742878656689,0.8658742878656689
B4GALNT1,0.34983942348383595,3.3568980917187417,0.0008733153113164612,0.8733153113164611
GATM,-0.3487818692595725,-3.3464305802953893,0.0009059057976108892,0.9059057976108892
FBXO43,0.3485742176289097,3.3443756283044035,0.0009124353398809273,0.9124353398809273
SLCO1B1,-0.34843725287272853,-3.343020257620894,0.0009167659272067872,0.9167659272067872
ZNF391,0.3483259273160575,3.341918655152847,0.0009202997737787245,0.9202997737787245
EPS8L3,0.34825452054903316,3.34121206705481,0.000922573116227135,0.922573116227135
RASGRP2,-0.34808149992920784,-3.339500075596439,0.0009281028806456436,0.9281028806456436
NCF2,0.34788955188897386,3.337600881769657,0.0009342733854950929,0.9342733854950929
KRBA1,0.3478485737528064,3.337195444488898,0.0009355955905503324,0.9355955905503324
C8orf46,-0.347842194013247,-3.3371323204177386,0.0009358016062357225,0.9358016062357225
DFNA5,0.34783732493553887,3.3370841459259077,0.0009359588599290717,0.9359588599290717
RIPPLY1,-0.3466033751107613,-3.324877578633232,0.0009766060743764818,0.9766060743764818
LMOD1,-0.34633468472301676,-3.322220164356737,0.0009856700050916523,0.9856700050916523
GARNL3,-0.3462590708399971,-3.3214723584845434,0.000988234694450594,0.988234694450594
GPR115,0.3458284819398777,3.3172142050806293,0.0010029571823830432,1.0
LOC647946,0.345802224927953,3.3169545565667415,0.0010038614752546071,1.0
FLT3,-0.34560402391158584,-3.3149947013114187,0.0010107116680129233,1.0
AR,-0.3452760422992065,-3.3117517623112893,0.001022142073429265,1.0
DEFB132,-0.3452535479616763,-3.3115293590587065,0.0010229303653627344,1.0
PFKFB3,0.3448095129581788,3.3071394320476792,0.0010386062544759803,1.0
EIF3C,0.344732503408012,3.3063781270161425,0.0010413473894399009,1.0
SLC16A2,-0.3442959249370067,-3.3020625176329546,0.0010570135451600305,1.0
HRG,-0.3441547897678887,-3.300667478725978,0.0010621243443381652,1.0
FCGBP,0.34316044077525276,3.290840499703422,0.0010987816148810682,1.0
VCX3A,0.342924587355208,3.2885099766049293,0.0011076457730550835,1.0
FGG,-0.3427219820147813,-3.2865081102998532,0.0011153128519135664,1.0
ZMAT1,-0.3423864148978257,-3.283192735039408,0.0011281190928005207,1.0
LRP2,0.34236794044575614,3.2830102058091732,0.0011288280946824252,1.0
PFKP,0.3422816358221381,3.2821575796662614,0.0011321454498994016,1.0
B3GNT4,0.34219117974309593,3.2812639585565835,0.0011356320181402152,1.0
FAM155B,0.3421340692723994,3.280699761353744,0.0011378384305065765,1.0
TPRXL,0.3418410660996099,3.2778053494049173,0.001149220345985903,1.0
PLP2,0.34172620771746687,3.276670791449696,0.0011537106149509375,1.0
DLG2,-0.3415425036389759,-3.2748562485049995,0.0011609259381978106,1.0
MAGEA3,0.341468964167851,3.27412987193235,0.0011638260119542726,1.0
ME1,0.3409575697408836,3.269079131610789,0.0011841778512442238,1.0
SHH,-0.34034018272805555,-3.262982469894317,0.001209183967381117,1.0
ZNF831,-0.34011108537468404,-3.260720394047023,0.0012185860551431958,1.0
RHOXF2B,0.33966180165129467,3.256284621265806,0.0012372200500725167,1.0
SLCO6A1,0.3390241932894157,3.249990439277201,0.001264114743213121,1.0
APBA1,-0.3388233513892466,-3.2480080360209804,0.0012726970457406237,1.0
KLRK1,-0.3384704716049116,-3.2445251996051354,0.0012879060233399176,1.0
MYO18B,0.33824435109924833,3.2422936052993236,0.0012977394020351083,1.0
DLK2,0.33821723237847456,3.2420259840424084,0.001298923319652352,1.0
VTN,-0.33731924473959296,-3.233165112070197,0.0013386924334442714,1.0
BHMT2,-0.33717799754818745,-3.2317715430614102,0.0013450487114331383,1.0
LEAP2,-0.33630288941165176,-3.2231387435450256,0.0013850513907612016,1.0
DPYS,-0.33627051713795064,-3.2228194297722137,0.0013865519450185118,1.0
MGC87042,0.33603550978111707,3.220501482257421,0.001397489911313083,1.0
GRM8,0.33546622615944643,3.214887032376888,0.0014243154537252264,1.0
IGLON5,0.33542229972825155,3.214453854556635,0.0014264048379402966,1.0
GPD1,-0.3347907980592031,-3.2082268379913557,0.0014567554067971833,1.0
GAS2L3,0.33434643394733543,3.203845732927965,0.0014784659677947963,1.0
OSTalpha,-0.33431140137179427,-3.203500354007334,0.001480190161971594,1.0
C21orf63,-0.33423401560142196,-3.2027374527345853,0.001484005299464149,1.0
RAB38,0.33371698798676236,3.19764071960176,0.0015097275343048855,1.0
NTF3,-0.3336534071021561,-3.1970140015006123,0.0015129187801779242,1.0
ABCA8,-0.33345735598662807,-3.195081577951292,0.0015227979987788684,1.0
RNF125,-0.3331139540654363,-3.1916970172394543,0.001540244952178853,1.0
C14orf73,-0.33267716270127623,-3.1873924273770293,0.0015627016161896786,1.0
TEX15,0.33237545432675436,3.1844193698188095,0.0015783881441202249,1.0
SEPT14,0.33231778798424083,3.183851148574967,0.0015814027301104773,1.0
ESYT3,0.33130836384761414,3.17390602495786,0.0016350340062454888,1.0
IL1RL1,-0.3305237618761238,-3.166177690898085,0.0016778660005540278,1.0
C6orf97,-0.32957855963610727,-3.1568694982993226,0.0017308292745682585,1.0
TSPAN13,0.32934317146233083,3.1545517843682513,0.0017442549178901285,1.0
CYP26B1,0.32929913687222534,3.154118217452063,0.0017467770591202052,1.0
GPR17,-0.3288886949624851,-3.1500772471886758,0.0017704466260792847,1.0
IQCA1,0.32821660838244304,3.143461179421918,0.001809839659296653,1.0
CSAG1,0.3278415634524694,3.1397696873627137,0.0018321693840784587,1.0
NQO1,0.3275408687385496,3.136810273475987,0.001850254087042553,1.0
KLF15,-0.3272460981443716,-3.1339093943340175,0.0018681408007939202,1.0
GPR133,0.3271673585364594,3.1331345299070827,0.0018729455081460324,1.0
FBLN5,-0.3261834296139958,-3.1234532693610637,0.0019339448287114332,1.0
SELP,-0.3260711525021325,-3.122348681864129,0.0019410197914868207,1.0
C1orf168,-0.3259402768208528,-3.1210611630501153,0.001949296558650087,1.0
KRT20,0.32579069199522437,3.119589633032594,0.0019587960757985255,1.0
BBOX1,-0.32560929399570404,-3.117805224707559,0.0019703726402983575,1.0
CCL16,-0.3249966307974128,-3.111779072657245,0.0020099357755725433,1.0
SEPT3,0.32456978273415615,3.107581150832285,0.002037927366634499,1.0
LOC286467,0.3241407835438427,3.1033625256460144,0.00206641846767533,1.0
CDX2,0.32356359648336896,3.097687378145202,0.002105325379314171,1.0
LY6H,0.32350270501747247,3.0970887144331374,0.002109468716472355,1.0
F2,-0.32305298078452904,-3.092667471945808,0.002140301322193397,1.0
INPP4B,-0.32292040703694547,-3.0913642386339384,0.0021494686043345263,1.0
DBH,-0.32272559450127974,-3.0894492468088575,0.0021630047590470054,1.0
SLC27A2,-0.32259307434297946,-3.0881466421600114,0.0021722570425733076,1.0
CXCL1,0.32259105565251295,3.0881267935622714,0.0021723983067612126,1.0
PTGS1,0.3225689272338984,3.0879092956427816,0.0021739468124350784,1.0
RNASE2,0.32197118669490943,3.082034378949975,0.0022161604254534034,1.0
GJA3,0.3217130152508489,3.079497204821062,0.002234623213252293,1.0
MYO15A,-0.32129206894477713,-3.0753607085966057,0.0022650278480351883,1.0
FAM99A,-0.3204652718035276,-3.067237296633308,0.0023258480802909195,1.0
FMO2,-0.3196320804439938,-3.0590527603232216,0.002388641707313103,1.0
PGM5,-0.31923323827420325,-3.055135478474521,0.0024192441655595067,1.0
C15orf48,0.31921897279138456,3.054995372229076,0.0024203453444288626,1.0
EYA1,0.31915547795227317,3.0543717935426202,0.0024252520130953067,1.0
DCHS2,0.31872405392226455,3.05013502141512,0.002458832141185346,1.0
ZNF93,0.31831211537966136,3.046090022121165,0.002491290466540875,1.0
GPC1,0.3173271339869652,3.0364197332951903,0.002570489634490606,1.0
FETUB,-0.3170606464763052,-3.033803822854691,0.0025923076169409327,1.0
NRCAM,0.31575653934237924,3.0210048608188638,0.0027015290108110407,1.0
NEURL3,0.31528350714534603,3.0163633676911776,0.0027421699766065222,1.0
SLITRK1,0.31406738462840483,3.0044329594096375,0.0028492198499374525,1.0
KIAA1377,0.3137165567823199,3.0009919171161976,0.002880800208211104,1.0
INMT,-0.3136718331431615,-3.000553268009287,0.002884848912265305,1.0
WDR65,-0.31364893107486336,-3.0003286553734365,0.002886924091605977,1.0
USH1G,0.31330792205702396,2.9969842557537665,0.0029179850521099905,1.0
APOA1,-0.31319767308459756,-2.9959030526092647,0.002928092005632985,1.0
APLP1,0.3126635919290488,2.9906658180308816,0.0029775046335392633,1.0
GPR37L1,0.31262913648026947,2.990327977225012,0.0029807182005165286,1.0
IFI27L2,0.31239436517417557,2.988026025136817,0.003002699269443713,1.0
FLNC,0.31216624246749286,2.985789380139101,0.003024198870988808,1.0
SIX1,0.3110536208755952,2.974882408389339,0.0031310758826954966,1.0
SLC38A3,-0.3098729738435238,-2.963311768109333,0.00324822701544404,1.0
LINGO4,-0.30942050646838976,-2.958878336235134,0.003294167748694854,1.0
PPP1R14C,0.30798190879837195,2.9447856366583354,0.003444176714368954,1.0
PPAP2C,0.3078466444864134,2.943460810041697,0.0034585951112828073,1.0
ZNF28,0.3068887609636409,2.9340802278869846,0.0035622747631478793,1.0
ETNK2,-0.30687058565832864,-2.933902257068089,0.0035642689609193387,1.0
FGB,-0.3068498494753325,-2.933699209353563,0.003566545395696705,1.0
TGIF2LX,0.3067367665767004,2.9325919414210575,0.0035789827280765414,1.0
CCR3,0.30662718393729127,2.9315189672705415,0.003591072642248172,1.0
SNX7,0.3064142733262402,2.929434340839462,0.0036146682208185576,1.0
SERPIND1,-0.3062770091481503,-2.9280904302833712,0.0036299547240139637,1.0
ALPK3,0.3060290721331552,2.9256630724927235,0.003657714756657782,1.0
FOLR1,0.3058391367038784,2.9238036528623126,0.0036791106441869713,1.0
TEK,-0.30552395682133654,-2.9207183184349206,0.003714865087864645,1.0
XDH,-0.3054190772037909,-2.919691684628231,0.0037268324022411196,1.0
LRP4,0.30524327974976784,2.917970922081917,0.0037469700220844455,1.0
HPSE,0.30503316009887493,2.9159142980505144,0.0037711684037155043,1.0
ACE2,-0.30468487430205116,-2.912505530105678,0.003811590497384073,1.0
EBF3,-0.30468226096413786,-2.9124799652732385,0.0038118951401132106,1.0
TRIM55,-0.3046372840753163,-2.912039773294862,0.003817144163660143,1.0
MAGEA8,0.302756508248211,2.893637170278674,0.004042574754771437,1.0
RGS2,0.30266031149575945,2.89269614728567,0.004054421956394391,1.0
LOX,0.302279206769566,2.8889682637949208,0.004101666571348281,1.0
TKTL1,0.30169610219531784,2.883265098419702,0.004174916040489769,1.0
BAMBI,0.3015307864926935,2.881648340200149,0.004195896850159804,1.0
HAPLN1,0.3013237815718166,2.879623954464179,0.004222302890656635,1.0
GPAM,-0.3013133160353613,-2.8795216117407594,0.004223641857742816,1.0
PALM2,-0.30123632456706273,-2.87876871045461,0.004233504086606565,1.0
TRIM74,-0.2997264466410885,-2.864006224316104,0.004431163671770361,1.0
DNER,0.2985953945168108,2.8529509841658878,0.0045846458550867055,1.0
DHDPSL,-0.2983723878820488,-2.850771594479942,0.004615467384714095,1.0
TUB,0.29836770889781034,2.8507258674749143,0.004616116082140379,1.0
DIRAS2,0.298336072795558,2.8504167038846404,0.004620504148166305,1.0
TMEM22,0.2969423314433791,2.8367986358310673,0.004817594580964877,1.0
ART5,0.2968785503311573,2.8361755384921388,0.004826792619687714,1.0
GZMK,-0.29671810676063676,-2.834608163613544,0.0048500004909274,1.0
PCDHA2,0.29547833628780507,2.8224987820378082,0.005032747556822009,1.0
AKR7L,-0.2947683615203437,-2.81556568219376,0.005140170371671714,1.0
FAM65C,-0.2947413881681069,-2.8153023004162843,0.005144291987766314,1.0
AHSG,-0.29467472670067213,-2.8146513882873654,0.005154490868300779,1.0
CELSR3,0.29433814054474305,2.811364998287287,0.005206264740438261,1.0
C7orf58,-0.29410185810185807,-2.809058104178749,0.005242888981287891,1.0
SLC46A3,-0.2939557879031902,-2.807632041533855,0.0052656458892613315,1.0
SLAMF6,-0.29321511932313404,-2.800401728713205,0.005382410949725327,1.0
ALDH8A1,-0.2929443118171903,-2.7977584359327476,0.0054256811779598,1.0
MESP2,0.2928215089773239,2.796559843697523,0.005445405643252719,1.0
HOXD8,0.2927043480237878,2.795416343752986,0.0054642840580825915,1.0
C8G,-0.2926696976198104,-2.7950781603015415,0.005469878595831321,1.0
ACSL6,-0.2913914195946969,-2.7826041254354834,0.005679898276742183,1.0
ZNF320,0.29123841804791045,2.781111307723967,0.0057055155131192845,1.0
JAM2,-0.29047882729458185,-2.773700818443755,0.00583423761723544,1.0
SGEF,-0.2903737189533935,-2.772675490630151,0.005852253386126738,1.0
SERPINA10,-0.2898392692416936,-2.767462326352947,0.0059446338602337535,1.0
DARC,-0.2892220516893811,-2.761442589078234,0.006052947627721475,1.0
P2RY6,0.2890486552727526,2.7597516060964327,0.006083693200690708,1.0
PAGE2,0.28835177609779267,2.7529561796017754,0.006208677654871183,1.0
PROK1,-0.2879300489768769,-2.7488443440457546,0.006285427139300797,1.0
C10orf35,0.2878376571331384,2.7479435728605677,0.006302354578921044,1.0
MYOCD,-0.28763487404116855,-2.7459666154919415,0.006339650429015919,1.0
BCO2,-0.28662818057882394,-2.736153530600233,0.006527745865089036,1.0
C4orf6,0.28570876357185404,2.727193109538832,0.006703884747105005,1.0
AQP10,0.28513456477031596,2.7215980167723024,0.006816034462151972,1.0
SLC35F3,0.28425571142815553,2.713035685455201,0.006990940495486888,1.0
ANGPTL1,-0.2839102693136773,-2.7096706207143115,0.007060780808661586,1.0
BAGE,0.28319526116981014,2.702706304754144,0.007207323824649323,1.0
ILDR2,0.2830215612879672,2.701014597485009,0.007243331997438493,1.0
RAB26,-0.28293989633383465,-2.7002192686156805,0.007260316619873541,1.0
TMEM54,0.28267035712928734,2.697594329500069,0.007316628429304423,1.0
GPX7,0.28240361975179173,2.69499682888127,0.0073727386806233045,1.0
NPAS1,0.2819475879757623,2.690556320024098,0.007469559278791332,1.0
GBP7,-0.2814209044284806,-2.685428391986997,0.007582791916421516,1.0
TMED7-TICAM2,0.2811699675748463,2.6829854167810856,0.007637278167266,1.0
ANKRD26P1,0.281142249600278,2.6827155806308807,0.007643317948066572,1.0
TSPAN15,0.2810238994887664,2.681563449489231,0.007669154660891281,1.0
TARP,-0.2809249653672059,-2.68060034794851,0.007690812647944572,1.0
SSX2,0.2802121357198629,2.6736617242328835,0.007848480509686898,1.0
MEP1B,-0.2800538393363841,-2.6721210319945325,0.007883882092882558,1.0
ITK,-0.2795678608596054,-2.6673913376798932,0.00799345869272707,1.0
ACSM3,-0.2794095647161244,-2.665850853179261,0.008029442870673018,1.0
TCL6,0.2793856715302888,2.665618337779574,0.008034886830870332,1.0
F9,-0.2793255807463949,-2.6650335668956324,0.008048592937078939,1.0
GPR97,0.2787357454505839,2.6592940680317136,0.008184237538611404,1.0
C1orf65,0.27867924896496166,2.6587443597108957,0.00819733629471822,1.0
C22orf45,-0.2785146313428999,-2.6571426624039023,0.008235609923768674,1.0
HSD17B13,-0.2771240507809136,-2.643614843037546,0.00856532644278695,1.0
TTPA,-0.27657101457731775,-2.6382359284530925,0.008699687543925388,1.0
CD1A,0.2760917730546945,2.633575261479367,0.008817633665925226,1.0
XAGE1D,0.275829083004067,2.6310207641422565,0.008882886430819118,1.0
SPARCL1,-0.2755764371390733,-2.6285640935772436,0.008946048538710682,1.0
SGCB,0.2749239995254213,2.6222205267074976,0.009111011427961568,1.0
UBXN10,-0.27463865006552457,-2.6194463774933237,0.00918400564895455,1.0
SLC22A10,-0.27446517112712754,-2.6177599112358525,0.009228636205581345,1.0
C7,-0.27159427218377047,-2.5898595292378728,0.009995734158981846,1.0
FXYD1,-0.27114191341072913,-2.5854648773116637,0.01012162766627156,1.0
CLEC9A,-0.2697382341106728,-2.571830806846826,0.010521273708674329,1.0
APOC2,-0.2694424494306542,-2.5689583206619093,0.010607249272078902,1.0
ASTN1,-0.26848864466908196,-2.55969674436151,0.010888743806689182,1.0
VCX3B,0.26822918606115465,2.5571776799552395,0.010966452282427923,1.0
CYP2E1,-0.2668856912896592,-2.5441359155205556,0.01137673343930226,1.0
TMEM178,-0.26673676625545384,-2.5426904830215635,0.011423037389759154,1.0
FAM65B,-0.2665753935860974,-2.541124273836971,0.011473399947936464,1.0
TMEM100,-0.2664167289630381,-2.5395843906858784,0.011523108820022561,1.0
APOH,-0.26573954727484206,-2.533012750024456,0.011737411552279217,1.0
NAP1L6,0.2657152310536404,2.5327767931761684,0.011745171754727647,1.0
HTR1D,0.26513030752293887,2.5271012147676295,0.011933213674159414,1.0
HSPB8,0.2648484952287802,2.5243670023377627,0.01202475601752456,1.0
BRSK2,0.2646437400060383,2.5223805142038476,0.012091655833894582,1.0
RGS6,-0.2641775390799038,-2.5178578523025053,0.01224520457532672,1.0
CELF4,0.2630739026018257,2.507153045322482,0.01261557627412449,1.0
ZG16B,0.2619930436540957,2.496671472605396,0.012987840355680194,1.0
THEMIS,-0.26073036581908354,-2.484429607516177,0.013434951187570253,1.0
PYHIN1,-0.2601489633927808,-2.478793851626386,0.013645339695855957,1.0
C14orf162,-0.25857770055961077,-2.463566257061867,0.014228488330348864,1.0
ZNF611,0.25742776341896767,2.452424868586613,0.01466903483567575,1.0
IL33,-0.25716558295038777,-2.4498850348296726,0.014771137760742311,1.0
CBFA2T3,-0.25672920600127247,-2.4456579914255783,0.01494246253000099,1.0
DCAF8L1,0.2561929700493849,2.440464132846428,0.015155378471691065,1.0
ACSM5,-0.2550033953096893,-2.428944142680039,0.01563722634521355,1.0
ZNF521,-0.25493231015036355,-2.4282558376032957,0.015666440013176953,1.0
PLN,-0.25486387112085684,-2.427593152876288,0.01569461182638933,1.0
ALPL,-0.2544892731199265,-2.423966149568404,0.015849595853958617,1.0
ZAP70,-0.25407245379878407,-2.4199306604733284,0.016023621855825353,1.0
MMP3,0.2536705173749281,2.4160395650637247,0.016193016304792883,1.0
SYNPO2,-0.2530354792629783,-2.409892467224579,0.016463844682330163,1.0
TCF21,-0.25080875812219516,-2.3883439918563125,0.01744503865871642,1.0
CD69,-0.2502376020068825,-2.382818272265266,0.017704798378109548,1.0
CCDC158,-0.2500464668644922,-2.3809692486178715,0.017792476469800127,1.0
C15orf27,0.24921828352175796,2.3729582495814925,0.018176775400387535,1.0
GPR171,-0.24823159483686758,-2.363415684265052,0.018644055822471382,1.0
CYP11A1,-0.24665086684554471,-2.3481316951713955,0.019414485105946375,1.0
PDZD4,-0.24644917126500315,-2.346181845069123,0.01951475449294556,1.0
LRRC2,-0.2463848905604208,-2.345560437379298,0.019546805177504786,1.0
CXCL3,0.24580826729257407,2.33998650666461,0.019836365657543445,1.0
FGGY,-0.2451595476986972,-2.333716378797302,0.020166581599788895,1.0
EOMES,-0.244343863679077,-2.3258335573028233,0.02058855768263159,1.0
SAA4,-0.244186790638602,-2.324315725757201,0.020670690740293835,1.0
AACSL,0.2439102854521959,2.321643918409359,0.020815964946659507,1.0
KCNA3,-0.24322636341988935,-2.3150359098770057,0.02117910686195422,1.0
PCDHGB2,-0.24312491705689615,-2.3140558084661493,0.021233437431849224,1.0
SPNS2,-0.24144793461091155,-2.2978567707363213,0.022149230187994032,1.0
APCDD1,0.24129091961967208,2.2963403133926246,0.022236701701870105,1.0
TNNI3,0.24006816092542013,2.284532408928681,0.02292817910045969,1.0
ABCC8,0.23961080515868516,2.2801165071305007,0.023191555019353403,1.0
IL28RA,-0.23853134163978904,-2.269695438754544,0.023823576078011017,1.0
KCNK1,-0.23764567263022918,-2.2611467762815636,0.024353188971955625,1.0
FBLN2,-0.23745814537227122,-2.2593368995256764,0.024466621088060848,1.0
GPR64,0.23713751289332047,2.2562425306504963,0.024661622592331713,1.0
PI16,-0.23675307996612485,-2.2525326798026675,0.024897191670405744,1.0
RNF157,0.23587845945392424,2.2440933664840372,0.025440373916434927,1.0
CYP2S1,0.23478090932130802,2.233504861394144,0.026136427080500752,1.0
CSPG5,0.23437105289447135,2.2295513486111194,0.026400524405074066,1.0
HGFAC,-0.23436546342304632,-2.229497425647073,0.026404142443225004,1.0
PPP1R1C,-0.23391291980692241,-2.2251324911465225,0.026698444453777045,1.0
CXCR6,-0.2331806804800789,-2.2180705400906304,0.02718061597792766,1.0
SLC7A2,-0.2325012350958932,-2.2115185711796297,0.02763469813675667,1.0
PPL,-0.23221058410416678,-2.2087160320061394,0.027830924581186352,1.0
CIDEC,0.2319805552243388,2.2064981244477755,0.027987070718370685,1.0
ITGB1BP2,-0.2316872373225403,-2.2036701378398442,0.028187267434026483,1.0
MT1X,-0.23040548069607733,-2.191313925942058,0.029076582288606843,1.0
IL1RAPL2,-0.23007073646577508,-2.1880874377024155,0.029312757728201348,1.0
GP1BA,-0.2294595198252778,-2.1821966003055673,0.029748238054618747,1.0
PRKCQ,-0.22941325458414868,-2.1817507275186667,0.029781425463570873,1.0
TRAT1,-0.22774588132563542,-2.1656840983861225,0.03099882240356296,1.0
MST1R,0.22488670954579187,2.138144225923841,0.03318543689494747,1.0
BMX,-0.22282793572460213,-2.118322248205713,0.03484015494930346,1.0
ITM2A,-0.22265795074408817,-2.116685933256928,0.0349798608972595,1.0
CFHR1,-0.22217727661646036,-2.112059105626828,0.035377493920787796,1.0
FAM5C,0.22079697722607022,2.0987748538744944,0.03654074434486788,1.0
SSX3,0.21951731732479796,2.0864619275524268,0.037648011890967836,1.0
SH2D1A,-0.21842765062024372,-2.0759791985856055,0.038613167049526914,1.0
MAP7D3,0.21791805580657075,2.0710774864909207,0.03907166929272274,1.0
GJA5,-0.21593931512493952,-2.052048204703193,0.04089590981383818,1.0
STEAP3,-0.21467804986847583,-2.0399220183568016,0.042095800316810046,1.0
ACTL8,0.2142480318397274,2.0357882610688027,0.04251161624311369,1.0
EFHA2,-0.21387978507664132,-2.03224855089218,0.04287044429727889,1.0
SLC28A1,-0.212992168076359,-2.023717333353121,0.04374585216825369,1.0
LILRA3,0.21263941771865688,2.0203272667006233,0.04409789960729476,1.0
GNG4,0.21212386918061826,2.0153729804930647,0.044616703802540646,1.0
ZSWIM5,0.21186004570458783,2.012837873081091,0.044884169715846856,1.0
SERPINA4,-0.21183270249268996,-2.0125751342080136,0.044911967419557254,1.0
PLA2G5,-0.20973753401572348,-1.992446316767907,0.047085366362779685,1.0
MAMDC2,-0.2093849045331853,-1.9890591770515238,0.04745968734497556,1.0
TRPM8,-0.20614987753457448,-1.9579943535245938,0.051011395962276516,1.0
VAT1L,0.20608456326998906,1.9573673269402212,0.05108532646945567,1.0
LOC283070,-0.20548151678232252,-1.9515782971005566,0.051772156140537796,1.0
ZNF662,-0.20285508473655728,-1.926371810721591,0.05485382719359263,1.0
ABCA10,-0.2023861288712524,-1.921872208328658,0.055419783289707585,1.0
PARK2,-0.20064792078752247,-1.9051970373036344,0.05755995317653253,1.0
SLC6A16,-0.20015036333249142,-1.900424626831201,0.058185018187338414,1.0
HOXC6,0.1991001031855838,1.890352054840025,0.05952287269683143,1.0
FCRL3,-0.19748857318212149,-1.874899710519907,0.06162502611057512,1.0
CCR7,-0.19741612555459795,-1.874205126952425,0.06172094941981952,1.0
PATL2,-0.19692070451345212,-1.8694555290852997,0.06238020906599393,1.0
MS4A1,-0.19546937311177642,-1.8555436376769305,0.06434495932291744,1.0
GREM2,-0.1922678338772254,-1.824865514480382,0.06885921884195012,1.0
IL7R,-0.19174295532238006,-1.8198373454832462,0.0696234666572207,1.0
CD5,-0.18391307558599596,-1.7448745621308948,0.08186960937174592,1.0
UBASH3A,-0.18286182182668753,-1.7348162351733807,0.08363884877092997,1.0
C6orf141,0.18282735878564316,1.7344865169514636,0.08369736776633807,1.0
KCTD14,0.17844875368668645,1.69260818238842,0.09140497536394765,1.0
SLC24A5,0.1763483375178101,1.6725279942454139,0.0952987975455541,1.0
MYH11,-0.1755192943677475,-1.6646038107890488,0.09687165545151831,1.0
UNC5A,0.17467435281823374,1.656528570393296,0.09849587606386506,1.0
CGREF1,0.1741509526925109,1.6515268049530885,0.09951281482968291,1.0
DCAF8L2,0.17132377690881712,1.6245154253818732,0.10515084673723216,1.0
DOK5,-0.17063482465518748,-1.6179345557404952,0.10656232932862625,1.0
HOXC9,0.1675719447950811,1.5886849796344649,0.11301921449785542,1.0
EPHX3,0.16641015638168524,1.5775932427237165,0.11554722518329177,1.0
GLTPD2,-0.16187484774819366,-1.5343095099347253,0.12584173145500183,1.0
ARRDC4,-0.15943710891687402,-1.5110543894253667,0.13166169625505175,1.0
SKAP1,-0.154103619881913,-1.4601985925532412,0.14511741340615053,1.0
MSL3L2,0.15334451138298172,1.4529629513248286,0.14711490385772552,1.0
FAAH2,-0.1527485910214038,-1.4472832264291338,0.14869760125154494,1.0
GFRA3,0.14769427310151928,1.3991260192235708,0.1626458547440637,1.0
FBXL21,-0.1437166361400677,-1.3612465180924032,0.1742967685696894,1.0
GLT8D2,-0.1432235330159536,-1.356551790678329,0.17578329674418683,1.0
LOC100233209,-0.14218061305692037,-1.3466231984434496,0.17895830586144626,1.0
HLA-J,-0.13914197163367284,-1.317701662743002,0.18845087895384235,1.0
JPH3,-0.13255993330293991,-1.2550857799823363,0.21027087979818868,1.0
SOX8,-0.1274916612990144,-1.2068988010207222,0.2282724470246571,1.0
FATE1,0.12605133401557805,1.1932091108509808,0.23358207670773545,1.0
PZP,-0.12391926723154932,-1.1729481715867731,0.24160081306376113,1.0
TMEM74,0.12320375567411607,1.1661496081715408,0.24433460393721174,1.0
MIAT,-0.11888020014669791,-1.1250780781540033,0.2613139070821323,1.0
CAMK1D,-0.11060152957848435,-1.0464789616372847,0.2960499449626946,1.0
CPXM2,-0.10728698037024142,-1.015025509931695,0.310783005653383,1.0
APLN,0.106911101494049,1.0114591418750833,0.3124836769384623,1.0
RFPL1S,0.0983352651413248,0.9301195174189368,0.3529394776475048,1.0
SPTBN2,-0.0974615632194146,-0.9218356551510656,0.35723859926283463,1.0
WDR86,-0.09552321240305016,-0.9034593922686202,0.3668930507515399,1.0
MGAT5B,-0.0946974092885807,-0.8956312636769814,0.3710549121307237,1.0
DDX53,0.09387090570964374,0.8877969549241351,0.37524939187940254,1.0
ZNF560,0.09349960328359416,0.8842775836891791,0.3771431975610904,1.0
ATP1A3,-0.09315460499050215,-0.8810076165742906,0.3789080902008345,1.0
GCK,-0.09115735340048209,-0.862078785780914,0.38922448343337734,1.0
LOC619207,-0.08941946669680223,-0.8456101910153228,0.39833822420372034,1.0
LCN10,-0.08476024219022466,-0.8014677608091633,0.42339551427716593,1.0
PAIP2B,-0.07843369030528828,-0.7415496216652862,0.4588491591097037,1.0
MBL1P,-0.07510347263134763,-0.7100185753065156,0.47815743258040466,1.0
PITPNM3,-0.07448473420154245,-0.7041609209250298,0.4817929107253702,1.0
CACNG1,0.0743335802594075,0.7027299636155563,0.4826833054213515,1.0
KIAA0125,-0.0709626037352012,-0.6708204032885352,0.5027699221889442,1.0
PLCB4,-0.06513419047198404,-0.6156622271054988,0.5385108683127852,1.0
LOC389332,-0.05907412178018888,-0.5583284333338221,0.5769711050166878,1.0
C16orf73,-0.0563225090340114,-0.532300857257101,0.5948496920626304,1.0
SCML4,-0.050603914385085116,-0.47821805946798673,0.6327885408973242,1.0
TSPAN2,-0.01515002171248616,-0.14312917300521125,0.8862691423880953,1.0
